day,observations,appliance_kwh,lighting_kwh
2016-01-11,42,5.74,1.26
2016-01-12,144,12.34,0.61
2016-01-13,144,13.97,0.78
2016-01-14,144,21.8,0.72
2016-01-15,144,18.05,0.86
2016-01-16,144,18.04,1.15
2016-01-17,144,20.55,0.71
2016-01-18,144,13.53,0.49
2016-01-19,144,11.99,0.39
2016-01-20,144,16.48,0.84
2016-01-21,144,13.34,0.59
2016-01-22,144,6.58,0.1
2016-01-23,144,13.4,0.7
2016-01-24,144,21.64,1.43
2016-01-25,144,9.47,0.35
2016-01-26,144,10.27,0.52
2016-01-27,144,6.57,0.09
2016-01-28,144,5.4,0.0
2016-01-29,144,6.92,0.1
2016-01-30,144,18.79,0.43
2016-01-31,144,18.64,1.68
2016-02-01,144,22.45,2.18
2016-02-02,144,11.22,2.15
2016-02-03,144,19.14,1.18
2016-02-04,144,14.45,1.36
2016-02-05,144,9.01,0.35
2016-02-06,144,11.98,0.31
2016-02-07,144,11.43,0.79
2016-02-08,144,21.22,1.44
2016-02-09,144,18.11,0.47
2016-02-10,144,13.88,0.75
2016-02-11,144,15.3,0.92
2016-02-12,144,16.97,0.57
2016-02-13,144,13.84,0.42
2016-02-14,144,14.75,1.61
2016-02-15,144,16.95,1.65
2016-02-16,144,13.42,0.84
2016-02-17,144,9.62,0.21
2016-02-18,144,12.06,0.84
2016-02-19,144,17.15,0.2
2016-02-20,144,14.51,0.53
2016-02-21,144,12.76,1.78
2016-02-22,144,13.45,1.12
2016-02-23,144,12.77,1.03
2016-02-24,144,11.23,0.67
2016-02-25,144,18.01,1.69
2016-02-26,144,13.55,0.26
2016-02-27,144,11.99,0.3
2016-02-28,144,7.7,0.11
2016-02-29,144,22.63,0.76
2016-03-01,144,10.42,0.72
2016-03-02,144,13.36,0.6
2016-03-03,144,11.81,1.05
2016-03-04,144,13.73,0.31
2016-03-05,144,13.16,0.58
2016-03-06,144,12.92,0.61
2016-03-07,144,20.54,0.56
2016-03-08,144,10.77,0.84
2016-03-09,144,12.5,0.86
2016-03-10,144,13.38,0.9
2016-03-11,144,10.23,0.45
2016-03-12,144,14.2,0.39
2016-03-13,144,9.78,0.33
2016-03-14,144,23.62,0.65
2016-03-15,144,14.01,0.81
2016-03-16,144,22.81,1.24
2016-03-17,144,12.51,1.08
2016-03-18,144,9.02,0.09
2016-03-19,144,16.37,0.18
2016-03-20,144,16.15,0.13
2016-03-21,144,11.2,0.86
2016-03-22,144,10.24,0.35
2016-03-23,144,12.25,0.78
2016-03-24,144,10.1,0.49
2016-03-25,144,25.98,0.28
2016-03-26,144,15.69,0.4
2016-03-27,144,10.52,0.08
2016-03-28,144,18.33,0.22
2016-03-29,144,13.17,0.74
2016-03-30,144,12.63,0.62
2016-03-31,144,11.4,0.28
2016-04-01,144,8.58,0.01
2016-04-02,144,7.3,0.0
2016-04-03,144,10.34,0.07
2016-04-04,144,27.15,0.54
2016-04-05,144,22.3,0.51
2016-04-06,144,12.61,0.85
2016-04-07,144,9.91,0.11
2016-04-08,144,19.36,0.24
2016-04-09,144,15.15,0.2
2016-04-10,144,10.68,0.11
2016-04-11,144,11.21,0.51
2016-04-12,144,15.9,0.35
2016-04-13,144,13.57,0.53
2016-04-14,144,12.35,0.7
2016-04-15,144,18.92,0.36
2016-04-16,144,19.32,0.05
2016-04-17,144,15.25,0.77
2016-04-18,144,10.34,0.71
2016-04-19,144,10.43,0.34
2016-04-20,144,11.61,0.41
2016-04-21,144,11.07,0.11
2016-04-22,144,24.57,0.34
2016-04-23,144,15.12,0.09
2016-04-24,144,11.78,0.17
2016-04-25,144,10.82,1.09
2016-04-26,144,10.66,0.09
2016-04-27,144,10.81,0.75
2016-04-28,144,13.81,0.25
2016-04-29,144,16.06,0.08
2016-04-30,144,20.22,0.1
2016-05-01,144,14.09,0.03
2016-05-02,144,12.33,0.4
2016-05-03,144,10.04,0.09
2016-05-04,144,11.37,0.16
2016-05-05,144,12.1,0.11
2016-05-06,144,14.51,0.16
2016-05-07,144,13.99,0.06
2016-05-08,144,9.87,0.03
2016-05-09,144,12.25,0.95
2016-05-10,144,9.5,0.05
2016-05-11,144,10.67,0.03
2016-05-12,144,10.4,0.08
2016-05-13,144,24.28,0.47
2016-05-14,144,14.34,0.07
2016-05-15,144,14.98,0.54
2016-05-16,144,14.42,0.34
2016-05-17,144,9.51,0.05
2016-05-18,144,11.84,0.32
2016-05-19,144,10.08,0.03
2016-05-20,144,9.32,0.8
2016-05-21,144,23.28,0.22
2016-05-22,144,15.86,0.04
2016-05-23,144,11.96,0.29
2016-05-24,144,13.85,0.61
2016-05-25,144,12.08,0.37
2016-05-26,144,21.17,0.45
2016-05-27,109,14.86,0.07
