hour,observations,mean_wh
0,822,52.78588807785888
1,822,51.32603406326034
2,822,49.07542579075426
3,822,48.236009732360095
4,822,49.35523114355231
5,822,52.737226277372265
6,822,57.71289537712895
7,822,78.64963503649635
8,822,106.14355231143553
9,822,112.78588807785889
10,822,125.37712895377129
11,822,133.12652068126522
12,822,123.63746958637469
13,822,124.74452554744525
14,822,108.28467153284672
15,822,105.82725060827251
16,822,119.90267639902676
17,828,161.35265700483092
18,823,190.36452004860269
19,822,143.06569343065692
20,822,126.98296836982968
21,822,96.4963503649635
22,822,69.14841849148418
23,822,56.982968369829685
