month,gross_gbp,credits_gbp,net_gbp,orders
2010-12,823746.14,74789.12,748957.02,1559
2011-01,691364.56,131364.30000000002,560000.26,1086
2011-02,523631.89,25569.24,498062.65,1100
2011-03,717639.36,34372.28,683267.08,1454
2011-04,537808.621,44601.5,493207.121,1246
2011-05,770536.02,47202.51,723333.51,1681
2011-06,761739.9,70616.78,691123.12,1533
2011-07,719221.191,37921.08,681300.111,1475
2011-08,759138.38,54333.75,704804.63,1361
2011-09,1058590.172,38902.55,1019687.622,1837
2011-10,1154979.3,84274.63,1070704.67,2040
2011-11,1509496.33,47740.08,1461756.25,2769
2011-12,638792.68,205124.67,433668.01,819
